datetime,prediction
2021-01-04 04:01:00-05:00,45.4787047953
2021-01-04 04:31:00-05:00,46.15996684154264
2021-01-04 05:01:00-05:00,46.302466702899984
2021-01-04 05:31:00-05:00,46.1624668036
2021-01-04 06:01:00-05:00,46.19005104927288
2021-01-04 06:31:00-05:00,46.13671064122521
2021-01-04 07:01:00-05:00,46.16748115939415
2021-01-04 07:31:00-05:00,46.077481080322016
2021-01-04 08:01:00-05:00,46.15998111730016
2021-01-04 08:31:00-05:00,46.18498110246321
2021-01-04 09:01:00-05:00,46.19862692807332
2021-01-04 09:31:00-05:00,46.05371490541569
2021-01-04 10:01:00-05:00,45.56445757320309
2021-01-04 10:31:00-05:00,45.22341118258155
2021-01-04 11:01:00-05:00,45.332399419659495
2021-01-04 11:31:00-05:00,43.91987029635594
2021-01-04 12:01:00-05:00,44.22003826976695
2021-01-04 12:31:00-05:00,41.9186291369922
2021-01-04 13:01:00-05:00,42.14299219393478
2021-01-04 13:31:00-05:00,42.75316619945794
2021-01-04 14:01:00-05:00,43.13961725466896
2021-01-04 14:31:00-05:00,43.129465776815294
2021-01-04 15:01:00-05:00,42.93426459020706
2021-01-04 15:31:00-05:00,43.25519113856576
2021-01-04 16:01:00-05:00,43.41102923523402
2021-01-04 16:31:00-05:00,43.32876698550496
2021-01-04 17:01:00-05:00,43.421548660572185
2021-01-04 17:31:00-05:00,43.450004355782056
2021-01-04 18:01:00-05:00,43.387499399175454
2021-01-04 18:31:00-05:00,43.36001992853982
2021-01-04 19:01:00-05:00,43.325032540657375
2021-01-04 19:31:00-05:00,43.40752384859508
2021-01-04 20:01:00-05:00,43.44503051575987
2021-01-05 04:01:00-05:00,43.45627216128383
2021-01-05 04:31:00-05:00,43.643202830778776
2021-01-05 05:01:00-05:00,43.69996943713896
2021-01-05 05:31:00-05:00,43.68996553211951
2021-01-05 06:01:00-05:00,43.712467939965975
2021-01-05 06:31:00-05:00,43.75996845572192
2021-01-05 07:01:00-05:00,43.59002213732882
2021-01-05 07:31:00-05:00,43.32996327870791
2021-01-05 08:01:00-05:00,43.25487285278378
2021-01-05 08:31:00-05:00,43.22754411800828
2021-01-05 09:01:00-05:00,42.95496044237696
2021-01-05 09:31:00-05:00,42.96746548935128
2021-01-05 10:01:00-05:00,44.0737668941595
2021-01-05 10:31:00-05:00,44.2281040302536
2021-01-05 11:01:00-05:00,43.79407066921442
2021-01-05 11:31:00-05:00,43.77109079213436
2021-01-05 12:01:00-05:00,43.94434265093495
2021-01-05 12:31:00-05:00,43.79579060190937
2021-01-05 13:01:00-05:00,43.703771996549
2021-01-05 13:31:00-05:00,43.90821799475336
2021-01-05 14:01:00-05:00,44.05237074289387
2021-01-05 14:31:00-05:00,44.46484225279645
2021-01-05 15:01:00-05:00,44.59246766305888
2021-01-05 15:31:00-05:00,44.44226310579209
2021-01-05 16:01:00-05:00,44.41758591181779
2021-01-05 16:31:00-05:00,44.54810171092775
2021-01-05 17:01:00-05:00,44.64996755743647
2021-01-05 17:31:00-05:00,44.6374893702723
2021-01-05 18:01:00-05:00,44.599993562979975
2021-01-05 18:31:00-05:00,44.5275101086099
2021-01-05 19:01:00-05:00,44.50253089972852
2021-01-05 19:31:00-05:00,44.59874366781369
2021-01-05 20:01:00-05:00,45.0924676494956
2021-01-06 04:01:00-05:00,45.04746768906936
2021-01-06 04:31:00-05:00,41.99496963238178
2021-01-06 05:01:00-05:00,42.26996867877264
2021-01-06 05:31:00-05:00,42.190192159458576
2021-01-06 06:01:00-05:00,42.1767000964993
2021-01-06 06:31:00-05:00,41.76502245501224
2021-01-06 07:01:00-05:00,41.97846913747762
2021-01-06 07:31:00-05:00,42.89016492320189
2021-01-06 08:01:00-05:00,42.70312006908335
2021-01-06 08:31:00-05:00,42.81968965558989
2021-01-06 09:01:00-05:00,42.659968666134
2021-01-06 09:31:00-05:00,42.22458193901608
2021-01-06 10:01:00-05:00,42.71000768219633
2021-01-06 10:31:00-05:00,43.34892893080514
2021-01-06 11:01:00-05:00,43.99304372048178
2021-01-06 11:31:00-05:00,44.241714258386445
2021-01-06 12:01:00-05:00,44.10078028918825
2021-01-06 12:31:00-05:00,44.34295785373867
2021-01-06 13:01:00-05:00,44.285448628510615
2021-01-06 13:31:00-05:00,44.4408502543675
2021-01-06 14:01:00-05:00,44.44453852042492
2021-01-06 14:31:00-05:00,44.31267784025061
2021-01-06 15:01:00-05:00,43.528525649368405
2021-01-06 15:31:00-05:00,43.36336594382632
2021-01-06 16:01:00-05:00,43.047585189163456
2021-01-06 16:31:00-05:00,42.82246828098905
2021-01-06 17:01:00-05:00,43.1549553642883
2021-01-06 17:31:00-05:00,43.04315877117845
2021-01-06 18:01:00-05:00,43.10000771693885
2021-01-06 18:31:00-05:00,43.2100089134961
2021-01-06 19:01:00-05:00,43.13734129210832
2021-01-06 19:31:00-05:00,43.14996631171877
2021-01-06 20:01:00-05:00,43.17968506296864
2021-01-07 04:01:00-05:00,43.224967045359165
2021-01-07 04:31:00-05:00,43.4706913302827
2021-01-07 05:01:00-05:00,43.27390553252504
2021-01-07 05:31:00-05:00,43.39610409635023
2021-01-07 06:01:00-05:00,43.63374609518888
2021-01-07 06:31:00-05:00,43.307507274425205
2021-01-07 07:01:00-05:00,43.40496957335613
2021-01-07 07:31:00-05:00,43.598821190695126
2021-01-07 08:01:00-05:00,43.72002745866061
2021-01-07 08:31:00-05:00,43.750041847792126
2021-01-07 09:01:00-05:00,43.79498522547176
2021-01-07 09:31:00-05:00,43.88765345004504
2021-01-07 10:01:00-05:00,44.61983912211558
2021-01-07 10:31:00-05:00,45.34504459643655
2021-01-07 11:01:00-05:00,45.42034804308626
2021-01-07 11:31:00-05:00,45.35250271613036
2021-01-07 12:01:00-05:00,45.71806784564616
2021-01-07 12:31:00-05:00,45.28638721646493
2021-01-07 13:01:00-05:00,45.45309565006978
2021-01-07 13:31:00-05:00,45.43744644356953
2021-01-07 14:01:00-05:00,45.71562357721422
2021-01-07 14:31:00-05:00,45.65689323562574
2021-01-07 15:01:00-05:00,45.724283983183
2021-01-07 15:31:00-05:00,45.78917482852021
2021-01-07 16:01:00-05:00,45.97554939732187
2021-01-07 16:31:00-05:00,45.915024425277146
2021-01-07 17:01:00-05:00,45.8874749368304
2021-01-07 17:31:00-05:00,45.919970026592026
2021-01-07 18:01:00-05:00,45.84998301175629
2021-01-07 18:31:00-05:00,45.85247914858389
2021-01-07 19:01:00-05:00,45.93997864354866
2021-01-07 19:31:00-05:00,46.0050039290111
2021-01-07 20:01:00-05:00,46.04689334643842
2021-01-08 04:01:00-05:00,46.046826919465126
2021-01-08 04:31:00-05:00,46.29496707978113
2021-01-08 05:01:00-05:00,46.252664042474905
2021-01-08 05:31:00-05:00,46.41247340100752
2021-01-08 06:01:00-05:00,46.34497658417532
2021-01-08 06:31:00-05:00,46.42747486124651
2021-01-08 07:01:00-05:00,46.48997301414359
2021-01-08 07:31:00-05:00,46.58247993848637
2021-01-08 08:01:00-05:00,46.55500501960128
2021-01-08 08:31:00-05:00,46.62502195475693
2021-01-08 09:01:00-05:00,46.72750237240711
2021-01-08 09:31:00-05:00,46.68248119466399
2021-01-08 10:01:00-05:00,47.042857633445536
2021-01-08 10:31:00-05:00,47.05810089926126
2021-01-08 11:01:00-05:00,46.823290842512144
2021-01-08 11:31:00-05:00,46.94747756428959
2021-01-08 12:01:00-05:00,46.8523274451165
2021-01-08 12:31:00-05:00,47.24629326285965
2021-01-08 13:01:00-05:00,47.208633417988985
2021-01-08 13:31:00-05:00,46.98597528408456
2021-01-08 14:01:00-05:00,46.13450652976678
2021-01-08 14:31:00-05:00,46.56441123490264
2021-01-08 15:01:00-05:00,46.713341424330615
2021-01-08 15:31:00-05:00,47.22758875522207
2021-01-08 16:01:00-05:00,47.40623241462798
2021-01-08 16:31:00-05:00,47.8404284224298
2021-01-08 17:01:00-05:00,47.817485885954056
2021-01-08 17:31:00-05:00,47.924989136560136
2021-01-08 18:01:00-05:00,47.78247664411472
2021-01-08 18:31:00-05:00,47.82247581045456
2021-01-08 19:01:00-05:00,47.77497699901793
2021-01-08 19:31:00-05:00,47.77247588121956
2021-01-08 20:01:00-05:00,47.69997708893632
2021-01-11 04:01:00-05:00,47.68997721435756
2021-01-11 04:31:00-05:00,47.091530252144565
2021-01-11 05:01:00-05:00,46.999966227121895
2021-01-11 05:31:00-05:00,47.05497376993321
2021-01-11 06:01:00-05:00,46.94996972564181
2021-01-11 06:31:00-05:00,47.02496804444418
2021-01-11 07:01:00-05:00,47.18996974742887
2021-01-11 07:31:00-05:00,46.87743957636481
2021-01-11 08:01:00-05:00,46.94371651351457
2021-01-11 08:31:00-05:00,46.74994266478763
2021-01-11 09:01:00-05:00,46.41496759703654
2021-01-11 09:31:00-05:00,46.20123085033219
2021-01-11 10:01:00-05:00,45.7574677696546
2021-01-11 10:31:00-05:00,46.33506670577224
2021-01-11 11:01:00-05:00,46.44250541017634
2021-01-11 11:31:00-05:00,45.94075003228346
2021-01-11 12:01:00-05:00,46.31670897181392
2021-01-11 12:31:00-05:00,46.39653996816371
2021-01-11 13:01:00-05:00,46.62036671595723
2021-01-11 13:31:00-05:00,46.63360942101144
2021-01-11 14:01:00-05:00,46.192252071180846
2021-01-11 14:31:00-05:00,45.86204171677591
2021-01-11 15:01:00-05:00,45.80245115576991
2021-01-11 15:31:00-05:00,45.57806637733128
2021-01-11 16:01:00-05:00,45.34996835215642
2021-01-11 16:31:00-05:00,45.66861051199862
2021-01-11 17:01:00-05:00,45.59246741384291
2021-01-11 17:31:00-05:00,45.587467020025166
2021-01-11 18:01:00-05:00,45.62244300637556
2021-01-11 18:31:00-05:00,45.63746710968748
2021-01-11 19:01:00-05:00,45.76743751956554
2021-01-11 19:31:00-05:00,45.74244640120324
2021-01-11 20:01:00-05:00,45.77246764413596
2021-01-12 04:01:00-05:00,45.797467554399816
2021-01-12 04:31:00-05:00,45.909237775602726
2021-01-12 05:01:00-05:00,45.93996659699428
2021-01-12 05:31:00-05:00,45.99996727956643
2021-01-12 06:01:00-05:00,45.92246766137159
2021-01-12 06:31:00-05:00,45.88496838382719
2021-01-12 07:01:00-05:00,45.88746787733095
2021-01-12 07:31:00-05:00,45.90996869287232
2021-01-12 08:01:00-05:00,45.98246840229327
2021-01-12 08:31:00-05:00,45.78743394413304
2021-01-12 09:01:00-05:00,45.52798174844676
2021-01-12 09:31:00-05:00,45.3436849928045
2021-01-12 10:01:00-05:00,45.72640574354188
2021-01-12 10:31:00-05:00,45.341817875842686
2021-01-12 11:01:00-05:00,45.41807357856945
2021-01-12 11:31:00-05:00,45.67683083260948
2021-01-12 12:01:00-05:00,45.360172168137126
2021-01-12 12:31:00-05:00,44.27468428560989
2021-01-12 13:01:00-05:00,44.720171492767086
2021-01-12 13:31:00-05:00,45.06381743858044
2021-01-12 14:01:00-05:00,45.39686831742279
2021-01-12 14:31:00-05:00,45.37932193216236
2021-01-12 15:01:00-05:00,45.25995263931972
2021-01-12 15:31:00-05:00,45.22529498412752
2021-01-12 16:01:00-05:00,45.35834922063613
2021-01-12 16:31:00-05:00,45.29631803470277
2021-01-12 17:01:00-05:00,45.2852402667907
2021-01-12 17:31:00-05:00,45.31247033439104
2021-01-12 18:01:00-05:00,45.26245806542229
2021-01-12 18:31:00-05:00,45.33996713752791
2021-01-12 19:01:00-05:00,45.34495222001309
2021-01-12 19:31:00-05:00,45.43747191011556
2021-01-12 20:01:00-05:00,45.42997021381415
2021-01-13 04:01:00-05:00,45.43247048677309
2021-01-13 04:31:00-05:00,45.692752208910434
2021-01-13 05:01:00-05:00,45.782466898197214
2021-01-13 05:31:00-05:00,45.77496915409881
2021-01-13 06:01:00-05:00,45.39247156817985
2021-01-13 06:31:00-05:00,45.39747238008881
2021-01-13 07:01:00-05:00,45.26996722593938
2021-01-13 07:31:00-05:00,45.24247469669712
2021-01-13 08:01:00-05:00,45.13747327672914
2021-01-13 08:31:00-05:00,44.819925058113625
2021-01-13 09:01:00-05:00,45.09829828016772
2021-01-13 09:31:00-05:00,45.34756731048785
2021-01-13 10:01:00-05:00,45.15131936320829
2021-01-13 10:31:00-05:00,45.71108866235123
2021-01-13 11:01:00-05:00,46.076415067972015
2021-01-13 11:31:00-05:00,46.13081257458125
2021-01-13 12:01:00-05:00,46.464994472300994
2021-01-13 12:31:00-05:00,46.0930990968239
2021-01-13 13:01:00-05:00,46.17519170371744
2021-01-13 13:31:00-05:00,46.356802888340994
2021-01-13 14:01:00-05:00,46.24497028508023
2021-01-13 14:31:00-05:00,46.49767537349012
2021-01-13 15:01:00-05:00,46.31059192713798
2021-01-13 15:31:00-05:00,46.31837754102314
2021-01-13 16:01:00-05:00,46.42448542104032
2021-01-13 16:31:00-05:00,46.21246211289523
2021-01-13 17:01:00-05:00,46.18996601098783
2021-01-13 17:31:00-05:00,46.25247417906657
2021-01-13 18:01:00-05:00,46.20038401441492
2021-01-13 18:31:00-05:00,46.32998041891171
2021-01-13 19:01:00-05:00,46.26247688014799
2021-01-13 19:31:00-05:00,46.31997911644972
2021-01-13 20:01:00-05:00,46.49747847430424
2021-01-14 04:01:00-05:00,46.49747718721345
2021-01-14 04:31:00-05:00,46.15996621695819
2021-01-14 05:01:00-05:00,46.16746687050497
2021-01-14 05:31:00-05:00,45.91497015042786
2021-01-14 06:01:00-05:00,45.86997772677785
2021-01-14 06:31:00-05:00,45.94747383742096
2021-01-14 07:01:00-05:00,45.92247260145093
2021-01-14 07:31:00-05:00,46.15997819481932
2021-01-14 08:01:00-05:00,46.25466001282328
2021-01-14 08:31:00-05:00,46.22997526450148
2021-01-14 09:01:00-05:00,46.27382691699871
2021-01-14 09:31:00-05:00,46.39249897155618
2021-01-14 10:01:00-05:00,46.39707435555924
2021-01-14 10:31:00-05:00,46.42525582783206
2021-01-14 11:01:00-05:00,46.672051159785774
2021-01-14 11:31:00-05:00,46.72076408070431
2021-01-14 12:01:00-05:00,46.39139961656407
2021-01-14 12:31:00-05:00,46.214620405357735
2021-01-14 13:01:00-05:00,45.903107256638016
2021-01-14 13:31:00-05:00,46.19552559797037
2021-01-14 14:01:00-05:00,46.01924297691544
2021-01-14 14:31:00-05:00,46.005412191236665
2021-01-14 15:01:00-05:00,45.96710944272748
2021-01-14 15:31:00-05:00,45.7424567450466
2021-01-14 16:01:00-05:00,45.86143260160446
2021-01-14 16:31:00-05:00,45.49537821873443
2021-01-14 17:01:00-05:00,45.45496377018939
2021-01-14 17:31:00-05:00,45.50621630720447
2021-01-14 18:01:00-05:00,45.58246457630908
2021-01-14 18:31:00-05:00,45.65996599879642
2021-01-14 19:01:00-05:00,45.64496522515557
2021-01-14 19:31:00-05:00,45.58496342370783
2021-01-14 20:01:00-05:00,45.399964767305136
2021-01-15 04:02:00-05:00,45.46496629866522
2021-01-15 04:32:00-05:00,45.3073870748554
2021-01-15 05:02:00-05:00,45.30246716725485
2021-01-15 05:32:00-05:00,45.2299657261273
2021-01-15 06:02:00-05:00,45.28496596924376
2021-01-15 06:32:00-05:00,45.08496503158992
2021-01-15 07:02:00-05:00,44.974965530955416
2021-01-15 07:32:00-05:00,45.21746606883606
2021-01-15 08:02:00-05:00,45.33996690903484
2021-01-15 08:32:00-05:00,45.4659013332237
2021-01-15 09:02:00-05:00,45.37494992772616
2021-01-15 09:32:00-05:00,45.2899665652791
2021-01-15 10:02:00-05:00,45.58495268264692
2021-01-15 10:32:00-05:00,44.74154316976215
2021-01-15 11:02:00-05:00,44.53016992716389
2021-01-15 11:32:00-05:00,44.31045347116251
2021-01-15 12:02:00-05:00,45.074964762700006
2021-01-15 12:32:00-05:00,44.81908413494295
2021-01-15 13:02:00-05:00,44.97993927305421
2021-01-15 13:32:00-05:00,45.10725400506125
2021-01-15 14:02:00-05:00,45.16080306270207
2021-01-15 14:32:00-05:00,44.99844359920444
2021-01-15 15:02:00-05:00,44.95489783303773
2021-01-15 15:32:00-05:00,44.867420481407024
2021-01-15 16:02:00-05:00,44.42648115490616
2021-01-15 16:32:00-05:00,44.11190448866869
2021-01-15 17:02:00-05:00,44.07766017462431
2021-01-15 17:32:00-05:00,44.04241768786859
2021-01-15 18:02:00-05:00,44.05993923006484
2021-01-15 18:32:00-05:00,44.12496056231457
2021-01-15 19:02:00-05:00,44.05245932736845
2021-01-15 19:32:00-05:00,44.04746749749869
2021-01-15 20:02:00-05:00,44.02496749950603
2021-01-19 04:01:00-05:00,44.024967492068455
2021-01-19 04:31:00-05:00,45.61996652330687
2021-01-19 05:01:00-05:00,45.70496646954539
2021-01-19 05:31:00-05:00,45.727467835222754
2021-01-19 06:01:00-05:00,45.74246809181902
2021-01-19 06:31:00-05:00,45.79246851153276
2021-01-19 07:01:00-05:00,45.73746818683178
2021-01-19 07:31:00-05:00,45.58746867584789
2021-01-19 08:01:00-05:00,45.42246774246768
2021-01-19 08:31:00-05:00,45.47652001820138
2021-01-19 09:01:00-05:00,45.457484623110446
2021-01-19 09:31:00-05:00,45.45371764776272
2021-01-19 10:01:00-05:00,45.37481772272629
2021-01-19 10:31:00-05:00,45.52585484580788
2021-01-19 11:01:00-05:00,45.33164990698639
2021-01-19 11:31:00-05:00,45.024480475134574
2021-01-19 12:01:00-05:00,45.2508348011893
2021-01-19 12:31:00-05:00,45.62309263384527
2021-01-19 13:01:00-05:00,45.869337182411726
2021-01-19 13:31:00-05:00,46.13036199267379
2021-01-19 14:01:00-05:00,46.22372950651078
2021-01-19 14:31:00-05:00,46.32121766611354
2021-01-19 15:01:00-05:00,46.20071744471246
2021-01-19 15:31:00-05:00,46.46992908340376
2021-01-19 16:01:00-05:00,46.459962714911256
2021-01-19 16:31:00-05:00,46.51746771232294
2021-01-19 17:01:00-05:00,46.683475720740994
2021-01-19 17:31:00-05:00,46.76996788446592
2021-01-19 18:01:00-05:00,46.689969294234594
2021-01-19 18:31:00-05:00,46.8687193433523
2021-01-19 19:01:00-05:00,46.89121907799128
2021-01-19 19:31:00-05:00,46.88996907142559
2021-01-19 20:01:00-05:00,46.94496773730709
2021-01-20 04:01:00-05:00,46.92747107547795
2021-01-20 04:31:00-05:00,47.07002640120966
2021-01-20 05:01:00-05:00,47.20996744648898
2021-01-20 05:31:00-05:00,47.33580206163953
2021-01-20 06:01:00-05:00,47.44997019807354
2021-01-20 06:31:00-05:00,47.47496940738536
2021-01-20 07:01:00-05:00,47.357468137815104
2021-01-20 07:31:00-05:00,47.38496534503142
2021-01-20 08:01:00-05:00,47.47246894032241
2021-01-20 08:31:00-05:00,47.60247145206441
2021-01-20 09:01:00-05:00,47.68496878476103
2021-01-20 09:31:00-05:00,47.87496788904863
2021-01-20 10:01:00-05:00,48.43702292112945
2021-01-20 10:31:00-05:00,48.97167610474168
2021-01-20 11:01:00-05:00,48.98387564391797
2021-01-20 11:31:00-05:00,48.92138300360487
2021-01-20 12:01:00-05:00,49.06683719169182
2021-01-20 12:31:00-05:00,49.05747267311376
2021-01-20 13:01:00-05:00,49.384018158666976
2021-01-20 13:31:00-05:00,49.46559457328656
2021-01-20 14:01:00-05:00,49.306009895061
2021-01-20 14:31:00-05:00,49.39859640745007
2021-01-20 15:01:00-05:00,49.80305343404331
2021-01-20 15:31:00-05:00,49.736433748684966
2021-01-20 16:01:00-05:00,49.87688229997233
2021-01-20 16:31:00-05:00,49.69992202295718
2021-01-20 17:01:00-05:00,49.61070792261769
2021-01-20 17:31:00-05:00,49.61496754768014
2021-01-20 18:01:00-05:00,49.57996926481468
2021-01-20 18:31:00-05:00,49.74994278412605
2021-01-20 19:01:00-05:00,49.8824722062374
2021-01-20 19:31:00-05:00,49.822452703465295
2021-01-20 20:01:00-05:00,49.83746706867724
2021-01-21 04:01:00-05:00,49.87496741089856
2021-01-21 04:31:00-05:00,50.30193594681282
2021-01-21 05:01:00-05:00,50.23496600895551
2021-01-21 05:31:00-05:00,50.14600080561048
2021-01-21 06:01:00-05:00,50.09996774154608
2021-01-21 06:31:00-05:00,50.1999679422949
2021-01-21 07:01:00-05:00,50.14996905068411
2021-01-21 07:31:00-05:00,50.27497104728863
2021-01-21 08:01:00-05:00,50.26496546156528
2021-01-21 08:31:00-05:00,50.32162431881977
2021-01-21 09:01:00-05:00,50.179946024422
2021-01-21 09:31:00-05:00,50.02492102708741
2021-01-21 10:01:00-05:00,49.74394981676711
2021-01-21 10:31:00-05:00,50.50475123526945
2021-01-21 11:01:00-05:00,50.4608951776632
2021-01-21 11:31:00-05:00,50.54832890502467
2021-01-21 12:01:00-05:00,50.3538794871733
2021-01-21 12:31:00-05:00,50.086383701583
2021-01-21 13:01:00-05:00,50.28517471581269
2021-01-21 13:31:00-05:00,50.45501214735567
2021-01-21 14:01:00-05:00,50.568201131587394
2021-01-21 14:31:00-05:00,50.69860084063022
2021-01-21 15:01:00-05:00,50.762465354670944
2021-01-21 15:31:00-05:00,50.774617093153374
2021-01-21 16:01:00-05:00,50.93943946850564
2021-01-21 16:31:00-05:00,50.824993343149295
2021-01-21 17:01:00-05:00,50.78996514904578
2021-01-21 17:31:00-05:00,50.77496482052004
2021-01-21 18:01:00-05:00,50.76496649461485
2021-01-21 18:31:00-05:00,50.60996429717789
2021-01-21 19:01:00-05:00,50.60996526535486
2021-01-21 19:31:00-05:00,50.66996420312652
2021-01-21 20:01:00-05:00,50.63996732357436
2021-01-22 04:01:00-05:00,50.624967226136526
2021-01-22 04:31:00-05:00,50.05996341172333
2021-01-22 05:01:00-05:00,49.98996443786924
2021-01-22 05:31:00-05:00,49.91996456247485
2021-01-22 06:01:00-05:00,50.0499642827923
2021-01-22 06:31:00-05:00,49.869954322679966
2021-01-22 07:01:00-05:00,49.82495661904863
2021-01-22 07:31:00-05:00,49.9974557559387
2021-01-22 08:01:00-05:00,49.77495079324597
2021-01-22 08:31:00-05:00,49.80995316447802
2021-01-22 09:01:00-05:00,49.89494584322562
2021-01-22 09:31:00-05:00,50.009962106660616
2021-01-22 10:01:00-05:00,50.32494911950114
2021-01-22 10:31:00-05:00,50.50473506425354
2021-01-22 11:01:00-05:00,50.17162961228479
2021-01-22 11:31:00-05:00,50.377787278033736
2021-01-22 12:01:00-05:00,50.30255825144455
2021-01-22 12:31:00-05:00,50.43203271884348
2021-01-22 13:01:00-05:00,50.40346236459752
2021-01-22 13:31:00-05:00,50.30996315458045
2021-01-22 14:01:00-05:00,50.53481073483804
2021-01-22 14:31:00-05:00,50.33745395191532
2021-01-22 15:01:00-05:00,50.539906425631855
2021-01-22 15:31:00-05:00,50.50066961283841
2021-01-22 16:01:00-05:00,50.752417724304806
2021-01-22 16:31:00-05:00,50.304959873273255
2021-01-22 17:01:00-05:00,50.28995921355897
2021-01-22 17:31:00-05:00,50.19994730355528
2021-01-22 18:01:00-05:00,50.259955552690855
2021-01-22 18:31:00-05:00,50.374961554299695
2021-01-22 19:01:00-05:00,50.324957068355054
2021-01-22 19:31:00-05:00,50.39995455785306
2021-01-22 20:01:00-05:00,50.404960316484846
2021-01-25 04:01:00-05:00,50.404962160972666
2021-01-25 04:31:00-05:00,51.91996257635577
2021-01-25 05:01:00-05:00,51.76496167603708
2021-01-25 05:31:00-05:00,51.71495886228412
2021-01-25 06:01:00-05:00,51.78496131500565
2021-01-25 06:31:00-05:00,51.79496166636244
2021-01-25 07:01:00-05:00,51.80995910404875
2021-01-25 07:31:00-05:00,52.00996153520733
2021-01-25 08:01:00-05:00,51.7374592175924
2021-01-25 08:31:00-05:00,51.8449996806451
2021-01-25 09:01:00-05:00,51.74495073147235
2021-01-25 09:31:00-05:00,51.81558557723868
2021-01-25 10:01:00-05:00,52.47746001668963
2021-01-25 10:31:00-05:00,52.20096821112465
2021-01-25 11:01:00-05:00,51.868452877480735
2021-01-25 11:31:00-05:00,49.674962232164845
2021-01-25 12:01:00-05:00,50.574775626238825
2021-01-25 12:31:00-05:00,50.346477556719286
2021-01-25 13:01:00-05:00,50.48847609521406
2021-01-25 13:31:00-05:00,51.25745941845995
2021-01-25 14:01:00-05:00,51.18142062176019
2021-01-25 14:31:00-05:00,50.9899583186558
2021-01-25 15:01:00-05:00,51.358510839520434
2021-01-25 15:31:00-05:00,50.71400690741166
2021-01-25 16:01:00-05:00,51.19946540893081
2021-01-25 16:31:00-05:00,51.50276087096969
2021-01-25 17:01:00-05:00,51.47496295463653
2021-01-25 17:31:00-05:00,51.51496288710708
2021-01-25 18:01:00-05:00,51.39996282312045
2021-01-25 18:31:00-05:00,51.44996288608402
2021-01-25 19:01:00-05:00,51.509962535321975
2021-01-25 19:31:00-05:00,51.4799626985306
2021-01-25 20:01:00-05:00,51.32496177848292
2021-01-26 04:01:00-05:00,51.32496172253674
2021-01-26 04:31:00-05:00,51.31996309604329
2021-01-26 05:01:00-05:00,51.12996295077488
2021-01-26 05:31:00-05:00,51.194962738941385
2021-01-26 06:01:00-05:00,51.099962408866354
2021-01-26 06:31:00-05:00,51.2499630706815
2021-01-26 07:01:00-05:00,51.484962996101714
2021-01-26 07:31:00-05:00,51.71496288542794
2021-01-26 08:01:00-05:00,51.6499629531464
2021-01-26 08:31:00-05:00,51.4549669501999
2021-01-26 09:01:00-05:00,51.65704698982922
2021-01-26 09:31:00-05:00,51.72496300884015
2021-01-26 10:01:00-05:00,51.22538026340865
2021-01-26 10:31:00-05:00,51.61746302681156
2021-01-26 11:01:00-05:00,51.88944056687492
2021-01-26 11:31:00-05:00,51.722139031698354
2021-01-26 12:01:00-05:00,51.5820563110771
2021-01-26 12:31:00-05:00,51.79991279276933
2021-01-26 13:01:00-05:00,51.615367745465
2021-01-26 13:31:00-05:00,51.80204753300012
2021-01-26 14:01:00-05:00,52.04994280869562
2021-01-26 14:31:00-05:00,52.05191301949446
2021-01-26 15:01:00-05:00,51.85720996278526
2021-01-26 15:31:00-05:00,51.92027663950374
2021-01-26 16:01:00-05:00,51.85497339587535
2021-01-26 16:31:00-05:00,52.688173464667344
2021-01-26 17:01:00-05:00,52.53496515670626
2021-01-26 17:31:00-05:00,52.43496350002314
2021-01-26 18:01:00-05:00,52.49996377088676
2021-01-26 18:31:00-05:00,52.73496667312097
2021-01-26 19:01:00-05:00,52.6402148199283
2021-01-26 19:31:00-05:00,52.53447283717991
2021-01-26 20:01:00-05:00,52.49079806302896
2021-01-27 04:01:00-05:00,52.48996956235695
2021-01-27 04:31:00-05:00,52.50996234160482
2021-01-27 05:01:00-05:00,52.44496283708737
2021-01-27 05:31:00-05:00,52.3499625028871
2021-01-27 06:01:00-05:00,52.379963327576746
2021-01-27 06:31:00-05:00,52.07996253674796
2021-01-27 07:01:00-05:00,51.76996096808112
2021-01-27 07:31:00-05:00,51.32996051112185
2021-01-27 08:01:00-05:00,50.59994768439682
2021-01-27 08:31:00-05:00,50.48498432582339
2021-01-27 09:01:00-05:00,50.4385026325625
2021-01-27 09:31:00-05:00,50.40486328378004
2021-01-27 10:01:00-05:00,48.73433061409723
2021-01-27 10:31:00-05:00,49.97625766654663
2021-01-27 11:01:00-05:00,50.20864724175595
2021-01-27 11:31:00-05:00,49.93995117023691
2021-01-27 12:01:00-05:00,49.09245915310336
2021-01-27 12:31:00-05:00,49.28244990420256
2021-01-27 13:01:00-05:00,49.82996387617895
2021-01-27 13:31:00-05:00,49.4487220959981
2021-01-27 14:01:00-05:00,49.24996016624432
2021-01-27 14:31:00-05:00,49.55494668965938
2021-01-27 15:01:00-05:00,48.45085573053712
2021-01-27 15:31:00-05:00,47.70618490146306
2021-01-27 16:01:00-05:00,47.03934024329031
2021-01-27 16:31:00-05:00,46.018382861295294
2021-01-27 17:01:00-05:00,47.13904758539036
2021-01-27 17:31:00-05:00,47.18246278076188
2021-01-27 18:01:00-05:00,46.50496257633135
2021-01-27 18:31:00-05:00,46.33850080999181
2021-01-27 19:01:00-05:00,45.93995460765417
2021-01-27 19:31:00-05:00,46.17996613930012
2021-01-27 20:01:00-05:00,46.449965393344776
2021-01-28 04:01:00-05:00,46.53778989797358
2021-01-28 04:31:00-05:00,45.67996669405249
2021-01-28 05:01:00-05:00,45.87496332698675
2021-01-28 05:31:00-05:00,45.7522532991956
2021-01-28 06:01:00-05:00,46.04996006091743
2021-01-28 06:31:00-05:00,46.25496419864556
2021-01-28 07:01:00-05:00,46.249961715083
2021-01-28 07:31:00-05:00,46.77494984291978
2021-01-28 08:01:00-05:00,46.70495839202662
2021-01-28 08:31:00-05:00,46.03621006549251
2021-01-28 09:01:00-05:00,46.91244967132632
2021-01-28 09:31:00-05:00,48.24746410760729
2021-01-28 10:01:00-05:00,48.82606576689659
2021-01-28 10:31:00-05:00,48.87628063586196
2021-01-28 11:01:00-05:00,48.737519764778206
2021-01-28 11:31:00-05:00,49.57000016341267
2021-01-28 12:01:00-05:00,49.20139657811144
2021-01-28 12:31:00-05:00,49.86116900922293
2021-01-28 13:01:00-05:00,50.25996682900197
2021-01-28 13:31:00-05:00,50.10541794586919
2021-01-28 14:01:00-05:00,50.42618310309976
2021-01-28 14:31:00-05:00,49.99210159476869
2021-01-28 15:01:00-05:00,49.74045643016552
2021-01-28 15:31:00-05:00,49.58746704066464
2021-01-28 16:01:00-05:00,48.85067578756957
2021-01-28 16:31:00-05:00,48.159964074254525
2021-01-28 17:01:00-05:00,47.94346590986495
2021-01-28 17:31:00-05:00,48.06694825919751
2021-01-28 18:01:00-05:00,48.19997386225075
2021-01-28 18:31:00-05:00,47.98996236322853
2021-01-28 19:01:00-05:00,48.094964866059
2021-01-28 19:31:00-05:00,47.90497451068512
2021-01-28 20:01:00-05:00,47.59996848813794
2021-01-29 04:01:00-05:00,47.49996781605524
2021-01-29 04:31:00-05:00,46.26496705193768
2021-01-29 05:01:00-05:00,46.35496571786859
2021-01-29 05:31:00-05:00,46.02996285820026
2021-01-29 06:01:00-05:00,46.40496618100338
2021-01-29 06:31:00-05:00,46.83996708327435
2021-01-29 07:01:00-05:00,47.1499682243537
2021-01-29 07:31:00-05:00,47.0674677299936
2021-01-29 08:01:00-05:00,46.841640837088384
2021-01-29 08:31:00-05:00,47.03643351638925
2021-01-29 09:01:00-05:00,47.75506063649649
2021-01-29 09:31:00-05:00,47.7000753820935
2021-01-29 10:01:00-05:00,46.39308205506863
2021-01-29 10:31:00-05:00,47.515205460170506
2021-01-29 11:01:00-05:00,46.90437444713436
2021-01-29 11:31:00-05:00,46.42629045811159
2021-01-29 12:01:00-05:00,46.24664243376639
2021-01-29 12:31:00-05:00,46.27926443428141
2021-01-29 13:01:00-05:00,44.95164126400166
2021-01-29 13:31:00-05:00,44.78544184590795
2021-01-29 14:01:00-05:00,45.47007072384425
2021-01-29 14:31:00-05:00,45.62915356784827
2021-01-29 15:01:00-05:00,45.17694619094204
2021-01-29 15:31:00-05:00,46.1525213573196
2021-01-29 16:01:00-05:00,45.77512932819651
2021-01-29 16:31:00-05:00,44.9643527923482
2021-01-29 17:01:00-05:00,44.88497673101876
2021-01-29 17:31:00-05:00,44.92789324137518
2021-01-29 18:01:00-05:00,45.04497936994969
2021-01-29 18:31:00-05:00,44.9349726441481
2021-01-29 19:01:00-05:00,44.89997173427592
2021-01-29 19:31:00-05:00,44.95001650957237
2021-01-29 20:01:00-05:00,44.7899706642322
2021-02-01 04:01:00-05:00,44.78997001949023
2021-02-01 04:31:00-05:00,46.57996715329074
2021-02-01 05:01:00-05:00,46.55997039534767
2021-02-01 05:31:00-05:00,46.67997582681884
2021-02-01 06:01:00-05:00,46.45496933235045
2021-02-01 06:31:00-05:00,46.54997839718318
2021-02-01 07:01:00-05:00,46.66496793688072
2021-02-01 07:31:00-05:00,46.59997343083872
2021-02-01 08:01:00-05:00,46.91747834697385
2021-02-01 08:31:00-05:00,46.66502616179436
2021-02-01 09:01:00-05:00,46.74174954717748
2021-02-01 09:31:00-05:00,46.58498137857279
2021-02-01 10:01:00-05:00,46.86244780387222
2021-02-01 10:31:00-05:00,46.68877294168886
2021-02-01 11:01:00-05:00,47.42235401552559
2021-02-01 11:31:00-05:00,47.20593114931755
2021-02-01 12:01:00-05:00,48.07875972801658
2021-02-01 12:31:00-05:00,48.57830957373909
2021-02-01 13:01:00-05:00,48.55089521742611
2021-02-01 13:31:00-05:00,48.84844608719655
2021-02-01 14:01:00-05:00,48.65933041085049
2021-02-01 14:31:00-05:00,48.82441445952572
2021-02-01 15:01:00-05:00,48.89751541907152
2021-02-01 15:31:00-05:00,48.79797145736055
2021-02-01 16:01:00-05:00,48.92737098513268
2021-02-01 16:31:00-05:00,48.36934860847244
2021-02-01 17:01:00-05:00,48.49997520187228
2021-02-01 17:31:00-05:00,48.699994318677554
2021-02-01 18:01:00-05:00,48.70000058866143
2021-02-01 18:31:00-05:00,48.88997354050173
2021-02-01 19:01:00-05:00,49.04500565429016
2021-02-01 19:31:00-05:00,48.67705456976535
2021-02-01 20:01:00-05:00,48.85288787286407
2021-02-02 04:01:00-05:00,48.84496894156033
2021-02-02 04:31:00-05:00,49.93996455175652
2021-02-02 05:01:00-05:00,50.22496648753992
2021-02-02 05:31:00-05:00,50.02496844956335
2021-02-02 06:01:00-05:00,50.08996868243464
2021-02-02 06:31:00-05:00,49.97996980698597
2021-02-02 07:01:00-05:00,49.89496446383294
2021-02-02 07:31:00-05:00,49.884973920488
2021-02-02 08:01:00-05:00,49.80496642872742
2021-02-02 08:31:00-05:00,49.9258029150994
2021-02-02 09:01:00-05:00,49.972471629484936
2021-02-02 09:31:00-05:00,49.82998142332934
2021-02-02 10:01:00-05:00,50.50541542377032
2021-02-02 10:31:00-05:00,50.45601919592778
2021-02-02 11:01:00-05:00,50.46001125261059
2021-02-02 11:31:00-05:00,50.719998129530936
2021-02-02 12:01:00-05:00,50.90081238157671
2021-02-02 12:31:00-05:00,51.189968607332
2021-02-02 13:01:00-05:00,51.18494961662112
2021-02-02 13:31:00-05:00,51.04666979054135
2021-02-02 14:01:00-05:00,51.33131654224066
2021-02-02 14:31:00-05:00,51.25403793540311
2021-02-02 15:01:00-05:00,51.41306255878136
2021-02-02 15:31:00-05:00,51.185807734364936
2021-02-02 16:01:00-05:00,51.08226719088231
2021-02-02 16:31:00-05:00,51.43956055100875
2021-02-02 17:01:00-05:00,51.34998482008032
2021-02-02 17:31:00-05:00,51.62689576084957
2021-02-02 18:01:00-05:00,51.53996979024417
2021-02-02 18:31:00-05:00,51.52497900825516
2021-02-02 19:01:00-05:00,51.63247338317453
2021-02-02 19:31:00-05:00,51.40991584797339
2021-02-02 20:01:00-05:00,51.815597270746
2021-02-03 04:01:00-05:00,51.81497719301859
2021-02-03 04:31:00-05:00,51.97496325970279
2021-02-03 05:01:00-05:00,51.80496653728496
2021-02-03 05:31:00-05:00,51.82996868479034
2021-02-03 06:01:00-05:00,51.9999649493552
2021-02-03 06:31:00-05:00,51.95996437375264
2021-02-03 07:01:00-05:00,51.9849640943227
2021-02-03 07:31:00-05:00,51.98996300594404
2021-02-03 08:01:00-05:00,51.89497426506671
2021-02-03 08:31:00-05:00,51.97746815352742
2021-02-03 09:01:00-05:00,51.9717909949665
2021-02-03 09:31:00-05:00,51.94185190330569
2021-02-03 10:01:00-05:00,51.26996512009649
2021-02-03 10:31:00-05:00,51.1774928161172
2021-02-03 11:01:00-05:00,50.82241841276779
2021-02-03 11:31:00-05:00,50.757465722328696
2021-02-03 12:01:00-05:00,51.13288384749295
2021-02-03 12:31:00-05:00,51.2562217312822
2021-02-03 13:01:00-05:00,51.41566874024343
2021-02-03 13:31:00-05:00,51.25034498941063
2021-02-03 14:01:00-05:00,51.53267523344712
2021-02-03 14:31:00-05:00,51.38173617747836
2021-02-03 15:01:00-05:00,51.309987372224
2021-02-03 15:31:00-05:00,51.00652728039205
2021-02-03 16:01:00-05:00,50.82008920620645
2021-02-03 16:31:00-05:00,50.47071457311193
2021-02-03 17:01:00-05:00,50.47496382462607
2021-02-03 17:31:00-05:00,50.59996416668735
2021-02-03 18:01:00-05:00,50.59954709686394
2021-02-03 18:31:00-05:00,50.904963513784985
2021-02-03 19:01:00-05:00,50.93498892914591
2021-02-03 19:31:00-05:00,50.92496364187585
2021-02-03 20:01:00-05:00,50.8212133337499
2021-02-04 04:01:00-05:00,50.8149635172483
2021-02-04 04:31:00-05:00,50.93996328314995
2021-02-04 05:01:00-05:00,50.9249631139353
2021-02-04 05:31:00-05:00,50.86996258827508
2021-02-04 06:01:00-05:00,50.949962464950495
2021-02-04 06:31:00-05:00,50.97995905520339
2021-02-04 07:01:00-05:00,50.94995875627348
2021-02-04 07:31:00-05:00,50.999960592468014
2021-02-04 08:01:00-05:00,50.96995183278209
2021-02-04 08:31:00-05:00,51.16620141962533
2021-02-04 09:01:00-05:00,51.01494882807701
2021-02-04 09:31:00-05:00,51.06036591290749
2021-02-04 10:01:00-05:00,50.81078200977403
2021-02-04 10:31:00-05:00,50.91645425760137
2021-02-04 11:01:00-05:00,50.64432243565926
2021-02-04 11:31:00-05:00,50.79734321388998
2021-02-04 12:01:00-05:00,50.92151444180923
2021-02-04 12:31:00-05:00,51.25595499604255
2021-02-04 13:01:00-05:00,51.35682590839129
2021-02-04 13:31:00-05:00,51.55970410431127
2021-02-04 14:01:00-05:00,51.54029967324587
2021-02-04 14:31:00-05:00,51.53933134427584
2021-02-04 15:01:00-05:00,51.54141457453717
2021-02-04 15:31:00-05:00,51.64391525651434
2021-02-04 16:01:00-05:00,51.69756082453381
2021-02-04 16:31:00-05:00,52.25891662817763
2021-02-04 17:01:00-05:00,52.329961666886206
2021-02-04 17:31:00-05:00,52.27496070005013
2021-02-04 18:01:00-05:00,52.20329135089343
2021-02-04 18:31:00-05:00,52.23495475386507
2021-02-04 19:01:00-05:00,52.094904231455175
2021-02-04 19:31:00-05:00,52.10495851653723
2021-02-04 20:01:00-05:00,52.0299057085026
2021-02-05 04:01:00-05:00,52.01495557166812
2021-02-05 04:31:00-05:00,52.44496204333492
2021-02-05 05:01:00-05:00,52.62496113111662
2021-02-05 05:31:00-05:00,52.66398470378701
2021-02-05 06:01:00-05:00,52.684958473053406
2021-02-05 06:31:00-05:00,52.73996185405762
2021-02-05 07:01:00-05:00,52.62496209233327
2021-02-05 07:31:00-05:00,52.67496055430063
2021-02-05 08:01:00-05:00,52.63996036617926
2021-02-05 08:31:00-05:00,52.46996184813507
2021-02-05 09:01:00-05:00,52.709751851673374
2021-02-05 09:31:00-05:00,52.51395940596567
2021-02-05 10:01:00-05:00,52.31766667691569
2021-02-05 10:31:00-05:00,52.16169064352054
2021-02-05 11:01:00-05:00,52.14257990984238
2021-02-05 11:31:00-05:00,52.05995950202181
2021-02-05 12:01:00-05:00,52.391009345254176
2021-02-05 12:31:00-05:00,52.601629179532495
2021-02-05 13:01:00-05:00,52.92751338758733
2021-02-05 13:31:00-05:00,53.04066507086045
2021-02-05 14:01:00-05:00,52.85996344934084
2021-02-05 14:31:00-05:00,52.71246374502685
2021-02-05 15:01:00-05:00,52.718297035599306
2021-02-05 15:31:00-05:00,52.55251221105834
2021-02-05 16:01:00-05:00,52.46281244631165
2021-02-05 16:31:00-05:00,52.72996227515407
2021-02-05 17:01:00-05:00,52.724965711828006
2021-02-05 17:31:00-05:00,52.71996303441196
2021-02-05 18:01:00-05:00,52.7149641880734
2021-02-05 18:31:00-05:00,52.64996329421515
2021-02-05 19:01:00-05:00,52.65996253945144
2021-02-05 19:31:00-05:00,52.66496508934593
2021-02-05 20:01:00-05:00,52.68996251524526
2021-02-08 04:01:00-05:00,52.679965111164506
2021-02-08 04:31:00-05:00,53.28496438076972
2021-02-08 05:01:00-05:00,53.214969473469
2021-02-08 05:31:00-05:00,53.25497425429459
2021-02-08 06:01:00-05:00,53.22996284959143
2021-02-08 06:31:00-05:00,53.2099829744152
2021-02-08 07:01:00-05:00,53.34498282929697
2021-02-08 07:31:00-05:00,53.149965024686544
2021-02-08 08:01:00-05:00,53.12498750310938
2021-02-08 08:31:00-05:00,53.24997945593057
2021-02-08 09:01:00-05:00,53.374971279258496
2021-02-08 09:31:00-05:00,53.47498134494656
2021-02-08 10:01:00-05:00,53.362495008391605
2021-02-08 10:31:00-05:00,53.61501917928301
2021-02-08 11:01:00-05:00,53.447471203793
2021-02-08 11:31:00-05:00,53.26996911837645
2021-02-08 12:01:00-05:00,52.79752053364639
2021-02-08 12:31:00-05:00,53.212225228705904
2021-02-08 13:01:00-05:00,53.24246965871641
2021-02-08 13:31:00-05:00,53.05007147495972
2021-02-08 14:01:00-05:00,53.29889483400068
2021-02-08 14:31:00-05:00,53.08997058172269
2021-02-08 15:01:00-05:00,53.11499666918819
2021-02-08 15:31:00-05:00,53.28301806472157
2021-02-08 16:01:00-05:00,53.37214903036536
2021-02-08 16:31:00-05:00,53.6649712869782
2021-02-08 17:01:00-05:00,53.72722794220597
2021-02-08 17:31:00-05:00,53.67997483411551
2021-02-08 18:01:00-05:00,53.619978219866994
2021-02-08 18:31:00-05:00,53.65498711385142
2021-02-08 19:01:00-05:00,53.56997777113986
2021-02-08 19:31:00-05:00,53.53497593261288
2021-02-08 20:01:00-05:00,53.40997407429669
2021-02-09 04:03:00-05:00,53.35996993710537
2021-02-09 04:33:00-05:00,53.4799641065952
2021-02-09 05:03:00-05:00,53.5249589505485
2021-02-09 05:33:00-05:00,53.54997699257058
2021-02-09 06:03:00-05:00,53.45996844601148
2021-02-09 06:33:00-05:00,53.359964732191
2021-02-09 07:03:00-05:00,53.44497712489131
2021-02-09 07:33:00-05:00,53.45498326947686
2021-02-09 08:03:00-05:00,53.52998027071116
2021-02-09 08:33:00-05:00,53.39997712745379
2021-02-09 09:03:00-05:00,53.40997089546013
2021-02-09 09:33:00-05:00,53.15996933951045
2021-02-09 10:03:00-05:00,53.72599418717926
2021-02-09 10:33:00-05:00,54.16001597918782
2021-02-09 11:03:00-05:00,54.090919801712936
2021-02-09 11:33:00-05:00,53.60988008415034
2021-02-09 12:03:00-05:00,53.82926754985591
2021-02-09 12:33:00-05:00,53.83993023588369
2021-02-09 13:03:00-05:00,53.71996944271204
2021-02-09 13:33:00-05:00,53.64946452096966
2021-02-09 14:03:00-05:00,53.580680019911455
2021-02-09 14:33:00-05:00,53.7318442948643
2021-02-09 15:03:00-05:00,53.86496987728653
2021-02-09 15:33:00-05:00,53.914970085742496
2021-02-09 16:03:00-05:00,53.98996437149383
2021-02-09 16:33:00-05:00,53.770024039414096
2021-02-09 17:03:00-05:00,53.78496941516525
2021-02-09 17:33:00-05:00,53.80997012811453
2021-02-09 18:03:00-05:00,53.73497405649014
2021-02-09 18:33:00-05:00,53.76497104775701
2021-02-09 19:03:00-05:00,53.79998078591437
2021-02-09 19:33:00-05:00,53.64997432526951
2021-02-09 20:03:00-05:00,53.71498073450783
2021-02-10 04:01:00-05:00,53.72996119363764
2021-02-10 04:31:00-05:00,54.43996356223094
2021-02-10 05:01:00-05:00,54.37995537122991
2021-02-10 05:31:00-05:00,54.3799716345966
2021-02-10 06:01:00-05:00,54.304971626474064
2021-02-10 06:31:00-05:00,54.33997391827503
2021-02-10 07:01:00-05:00,54.25496424427102
2021-02-10 07:31:00-05:00,54.19998054113798
2021-02-10 08:01:00-05:00,54.20504334458384
2021-02-10 08:31:00-05:00,54.12997054653239
2021-02-10 09:01:00-05:00,54.43998047055963
2021-02-10 09:31:00-05:00,54.402470487814334
2021-02-10 10:01:00-05:00,54.20996973917624
2021-02-10 10:31:00-05:00,53.952628041049294
2021-02-10 11:01:00-05:00,51.94192538241038
2021-02-10 11:31:00-05:00,53.07247422290923
2021-02-10 12:01:00-05:00,52.84352423085964
2021-02-10 12:31:00-05:00,52.875869974944585
2021-02-10 13:01:00-05:00,52.81427002070409
2021-02-10 13:31:00-05:00,53.07751997674165
2021-02-10 14:01:00-05:00,53.08747417149306
2021-02-10 14:31:00-05:00,53.06497034363972
2021-02-10 15:01:00-05:00,53.61496464634544
2021-02-10 15:31:00-05:00,53.722420673255975
2021-02-10 16:01:00-05:00,52.89252053852191
2021-02-10 16:31:00-05:00,53.45497042431753
2021-02-10 17:01:00-05:00,53.40497106155006
2021-02-10 17:31:00-05:00,53.3499647569588
2021-02-10 18:01:00-05:00,53.3149709783407
2021-02-10 18:31:00-05:00,53.28497424345892
2021-02-10 19:01:00-05:00,53.35996465335026
2021-02-10 19:31:00-05:00,53.19996799913493
2021-02-10 20:01:00-05:00,53.05497739956672
2021-02-11 04:01:00-05:00,53.0412515473954
2021-02-11 04:31:00-05:00,53.74496395371885
2021-02-11 05:01:00-05:00,53.84996032451624
2021-02-11 05:31:00-05:00,53.96497169522104
2021-02-11 06:01:00-05:00,53.93997169951768
2021-02-11 06:31:00-05:00,53.98496007778958
2021-02-11 07:01:00-05:00,53.91995963570526
2021-02-11 07:31:00-05:00,53.834960627079184
2021-02-11 08:01:00-05:00,53.86995506313856
2021-02-11 08:31:00-05:00,54.00995930940007
2021-02-11 09:01:00-05:00,54.05496062411265
2021-02-11 09:31:00-05:00,53.94246041737698
2021-02-11 10:01:00-05:00,53.95096086039157
2021-02-11 10:31:00-05:00,53.99810422141817
2021-02-11 11:01:00-05:00,54.164960818439454
2021-02-11 11:31:00-05:00,54.13213628099474
2021-02-11 12:01:00-05:00,54.3189604860684
